name,category,latitude,longitude,sunday-00,sunday-01,sunday-02,sunday-03,sunday-04,sunday-05,sunday-06,sunday-07,sunday-08,sunday-09,sunday-10,sunday-11,sunday-12,sunday-13,sunday-14,sunday-15,sunday-16,sunday-17,sunday-18,sunday-19,sunday-20,sunday-21,sunday-22,sunday-23,monday-00,monday-01,monday-02,monday-03,monday-04,monday-05,monday-06,monday-07,monday-08,monday-09,monday-10,monday-11,monday-12,monday-13,monday-14,monday-15,monday-16,monday-17,monday-18,monday-19,monday-20,monday-21,monday-22,monday-23,tuesday-00,tuesday-01,tuesday-02,tuesday-03,tuesday-04,tuesday-05,tuesday-06,tuesday-07,tuesday-08,tuesday-09,tuesday-10,tuesday-11,tuesday-12,tuesday-13,tuesday-14,tuesday-15,tuesday-16,tuesday-17,tuesday-18,tuesday-19,tuesday-20,tuesday-21,tuesday-22,tuesday-23,wednesday-00,wednesday-01,wednesday-02,wednesday-03,wednesday-04,wednesday-05,wednesday-06,wednesday-07,wednesday-08,wednesday-09,wednesday-10,wednesday-11,wednesday-12,wednesday-13,wednesday-14,wednesday-15,wednesday-16,wednesday-17,wednesday-18,wednesday-19,wednesday-20,wednesday-21,wednesday-22,wednesday-23,thursday-00,thursday-01,thursday-02,thursday-03,thursday-04,thursday-05,thursday-06,thursday-07,thursday-08,thursday-09,thursday-10,thursday-11,thursday-12,thursday-13,thursday-14,thursday-15,thursday-16,thursday-17,thursday-18,thursday-19,thursday-20,thursday-21,thursday-22,thursday-23,friday-00,friday-01,friday-02,friday-03,friday-04,friday-05,friday-06,friday-07,friday-08,friday-09,friday-10,friday-11,friday-12,friday-13,friday-14,friday-15,friday-16,friday-17,friday-18,friday-19,friday-20,friday-21,friday-22,friday-23,saturday-00,saturday-01,saturday-02,saturday-03,saturday-04,saturday-05,saturday-06,saturday-07,saturday-08,saturday-09,saturday-10,saturday-11,saturday-12,saturday-13,saturday-14,saturday-15,saturday-16,saturday-17,saturday-18,saturday-19,saturday-20,saturday-21,saturday-22,saturday-23,TAG
Poppa's,Negozio di dolciumi,42.8529414,13.5910481,0,0,0,0,0,0,0,0,0,35,61,73,59,40,32,44,58,71,55,41,0,0,0,0,0,0,0,0,0,0,0,0,0,53,65,67,57,44,35,36,46,51,47,35,0,0,0,0,0,0,0,0,0,0,0,0,0,42,63,66,52,34,25,33,41,54,52,41,0,0,0,0,0,0,0,0,0,0,0,0,0,44,58,65,57,35,32,42,61,66,54,39,0,0,0,0,0,0,0,0,0,0,0,0,0,46,63,59,42,32,32,45,58,65,61,52,0,0,0,0,0,0,0,0,0,0,0,0,0,64,92,100,83,52,41,47,60,58,51,36,0,0,0,0,0,0,0,0,0,0,0,0,0,0,40,46,41,27,17,16,16,21,20,23,0,0,0,0,"Food, Kids, Retail"
ACI Ufficio Provinciale,Pubblico Registro Automobilistico,42.8544803,13.5914826,0,0,0,0,0,0,0,0,52,86,100,79,0,0,0,0,0,0,0,0,0,0,0,0,0,0,0,0,0,0,0,0,27,50,70,75,55,0,0,0,0,0,0,0,0,0,0,0,0,0,0,0,0,0,0,0,33,53,65,56,0,0,0,0,0,0,0,0,0,0,0,0,0,0,0,0,0,0,0,0,40,66,84,81,55,0,0,0,0,0,0,0,0,0,0,0,0,0,0,0,0,0,0,0,46,74,88,75,0,0,0,0,0,0,0,0,0,0,0,0,0,0,0,0,0,0,0,0,0,0,0,0,0,0,0,0,0,0,0,0,0,0,0,0,0,0,0,0,0,0,0,0,0,0,0,0,0,0,0,0,0,0,0,0,0,0,0,0,"Government/Civic/Legal Services, Automotive"
Bar Saloon Di Volponi Oreste,bar,42.8505069,13.5969646,0,0,0,0,0,0,0,30,45,54,59,57,58,56,57,58,53,46,39,34,0,0,0,0,0,0,0,0,0,0,0,34,50,57,56,55,57,60,59,60,61,59,51,36,0,0,0,0,0,0,0,0,0,0,0,36,48,42,37,37,38,43,43,41,37,39,36,28,0,0,0,0,0,0,0,0,0,0,0,36,48,57,60,59,59,59,55,55,53,51,40,31,0,0,0,0,0,0,0,0,0,0,0,31,42,50,52,57,60,64,61,55,50,48,43,29,0,0,0,0,0,0,0,0,0,0,0,24,41,61,84,100,99,73,53,43,43,43,36,29,0,0,0,0,0,0,0,0,0,0,0,0,0,36,53,58,50,0,0,0,0,0,0,0,0,0,0,0,"Food, Entertainment, Leisure"
Asd Towers Ascoli,Sala fitness,42.8476525,13.5892833,0,0,0,0,0,0,0,0,0,20,35,28,25,28,20,35,48,82,71,64,53,0,0,0,0,0,0,0,0,0,0,0,0,0,20,10,5,10,25,0,71,79,56,28,15,0,0,0,0,0,0,0,0,0,0,0,0,12,15,20,20,30,25,41,43,48,38,35,20,0,0,0,0,0,0,0,0,0,0,0,0,0,15,25,28,41,51,0,64,79,66,69,48,0,0,0,0,0,0,0,0,0,0,0,0,23,23,23,17,20,25,48,74,100,79,69,46,0,0,0,0,0,0,0,0,0,0,0,0,0,12,17,12,0,0,0,0,0,0,0,0,0,0,0,0,0,0,0,0,0,0,0,0,0,0,0,0,0,0,0,0,0,0,0,0,0,0,0,"Fitness, Health"
Noor donner kebab,Doner kebab restaurant,42.8544793,13.5879029,5,0,0,0,0,0,0,0,0,0,0,30,30,40,40,50,40,35,45,55,45,35,20,5,65,0,0,0,0,0,0,0,0,0,0,40,45,30,35,30,25,25,25,15,20,25,45,60,40,0,0,0,0,0,0,0,0,0,0,50,40,55,55,50,30,30,35,30,40,40,65,50,20,0,0,0,0,0,0,0,0,0,0,15,20,20,20,10,25,30,70,70,75,45,40,30,5,0,0,0,0,0,0,0,0,0,0,80,80,75,70,70,65,60,80,65,50,20,20,20,20,35,0,0,0,0,0,0,0,0,0,35,65,95,70,45,40,25,40,50,50,55,35,25,0,0,0,0,0,0,0,0,0,0,0,45,55,50,55,50,50,50,70,80,100,75,70,45,"Food, Leisure"
Bar-Tabacchi,bar,42.859475,13.5820058,0,0,0,0,0,0,26,46,65,57,61,57,46,42,50,61,57,50,42,23,23,0,0,0,0,0,0,0,0,0,30,42,73,88,100,88,100,80,88,61,53,42,34,11,7,0,0,0,0,0,0,0,0,0,42,61,57,53,61,53,65,57,73,76,84,76,65,42,30,0,0,0,0,0,0,0,0,0,34,46,61,73,73,69,69,65,84,73,46,46,34,34,23,0,0,0,0,0,0,0,0,0,46,57,76,69,61,50,42,46,61,84,88,80,73,69,57,0,0,0,0,0,0,0,0,0,61,53,53,76,84,84,61,57,30,19,19,26,34,38,34,0,0,0,0,0,0,0,0,0,0,0,0,0,0,0,0,0,0,0,0,0,0,0,0,0,0,0,"Food, Entertainment, Leisure"
Forno Marsico caffetteria,Fornaio,42.8595031,13.5708582,0,0,0,0,0,0,31,51,74,85,87,80,59,42,0,0,0,0,0,0,0,0,0,0,0,0,0,0,0,0,29,46,59,70,61,55,36,23,0,0,0,0,0,0,0,0,0,0,0,0,0,0,0,0,38,48,59,78,85,87,63,46,0,0,0,0,0,0,0,0,0,0,0,0,0,0,0,0,23,48,63,65,55,44,34,31,0,0,0,0,0,0,0,0,0,0,0,0,0,0,0,0,27,48,61,89,100,89,61,44,0,0,0,0,0,0,0,0,0,0,0,0,0,0,0,0,40,65,85,93,95,82,70,42,0,0,0,0,0,0,0,0,0,0,0,0,0,0,0,0,0,0,0,0,0,0,0,0,0,0,0,0,0,0,0,0,0,0,Food
Danix ibex,Area per passeggiate,42.8540207,13.5635504,17,17,35,58,47,29,23,41,58,58,35,35,70,41,47,29,11,5,17,41,23,17,11,23,23,23,35,47,41,41,35,52,52,47,35,52,76,52,41,35,41,17,11,23,23,23,23,11,29,23,11,11,11,17,17,11,23,23,17,29,29,29,23,17,17,17,41,52,58,41,29,35,41,41,23,41,35,58,70,76,35,29,35,41,58,29,17,17,29,41,47,58,47,35,35,47,17,17,11,5,11,29,35,41,47,41,23,23,23,29,47,35,41,23,11,0,0,0,0,5,47,47,64,76,100,76,41,23,17,17,23,41,47,35,23,17,11,23,17,17,41,47,47,41,41,41,11,17,35,47,58,58,52,41,41,35,35,41,35,29,11,5,5,11,23,29,35,52,"Leisure, Fitness, Park"
Tonic Ascoli Piceno,Palestra,42.8567798,13.5857853,0,0,0,0,0,0,0,0,25,41,50,56,55,57,59,63,75,89,100,90,65,34,14,0,0,0,0,0,0,0,0,0,31,45,52,53,48,46,47,51,54,59,64,60,44,23,10,0,0,0,0,0,0,0,0,0,15,24,32,35,41,47,54,55,61,73,80,71,48,23,9,0,0,0,0,0,0,0,0,0,23,38,48,51,50,46,45,47,54,63,69,61,45,26,11,0,0,0,0,0,0,0,0,0,30,46,54,55,52,55,57,58,60,69,74,63,41,22,10,0,0,0,0,0,0,0,0,0,0,48,71,76,68,48,38,37,34,24,0,0,0,0,0,0,0,0,0,0,0,0,0,0,0,15,23,25,21,0,0,0,0,0,0,0,0,0,0,0,"Fitness, Health"
Giochi di ferro,attrazioni,42.8568225,13.5621892,7,7,0,21,35,71,50,50,42,42,28,28,35,42,28,50,50,71,50,35,21,35,28,7,50,35,42,35,35,21,35,64,64,57,50,42,42,35,71,85,92,57,21,21,28,28,28,42,64,57,64,42,28,14,28,42,57,57,35,35,35,57,42,57,42,50,28,14,21,28,71,64,42,64,42,64,50,50,35,50,35,35,28,21,21,21,21,42,57,42,35,42,21,14,21,21,50,35,42,57,71,57,42,28,28,28,50,57,50,50,78,50,71,57,71,85,78,64,71,64,57,50,42,71,64,85,78,100,92,78,71,78,92,78,78,71,57,28,14,21,28,21,42,57,35,35,35,57,57,64,50,57,50,78,50,57,57,71,57,42,35,42,42,35,42,64,71,71,"Culture, Entertainment, Travel, Leisure, Point of Interest"
Forneria Di Filippo Di Mattia E C. Snc,Fornaio,42.8511886,13.5937114,0,0,0,0,0,0,6,12,21,32,37,40,26,0,0,0,26,33,32,24,0,0,0,0,0,0,0,0,0,0,10,10,21,29,42,38,30,0,0,0,21,26,26,21,0,0,0,0,0,0,0,0,0,0,5,10,19,32,42,43,32,0,0,0,24,30,28,23,0,0,0,0,0,0,0,0,0,0,11,10,15,27,36,36,26,0,0,0,29,40,42,30,0,0,0,0,0,0,0,0,0,0,9,15,26,40,46,44,31,0,0,0,27,32,35,26,0,0,0,0,0,0,0,0,0,0,15,20,33,57,82,100,81,0,0,0,26,31,30,20,0,0,0,0,0,0,0,0,0,0,0,0,0,0,0,0,0,0,0,0,0,0,0,0,0,0,0,0,Food
Supermercato Tigre Amico,Alimentari,42.8528074,13.5868229,0,0,0,0,0,0,0,0,30,46,54,57,49,0,0,0,0,47,45,38,0,0,0,0,0,0,0,0,0,0,0,0,35,54,64,64,52,0,0,0,0,56,54,40,0,0,0,0,0,0,0,0,0,0,0,0,21,33,53,61,59,0,0,0,0,49,57,40,0,0,0,0,0,0,0,0,0,0,0,0,21,39,52,53,45,0,0,0,0,53,56,40,0,0,0,0,0,0,0,0,0,0,0,0,40,59,83,95,83,0,0,0,0,60,61,45,0,0,0,0,0,0,0,0,0,0,0,0,29,54,88,100,90,0,0,0,0,53,63,49,0,0,0,0,0,0,0,0,0,0,0,0,0,0,0,0,0,0,0,0,0,0,0,0,0,0,0,0,"Food, Retail"
Circolo Tennis Piceno,Club di tennis,42.8598285,13.5954769,0,0,0,0,0,0,0,0,48,53,51,53,55,53,60,62,68,88,100,91,57,40,15,0,0,0,0,0,0,0,0,0,31,40,53,57,57,42,44,55,66,75,84,80,80,57,51,0,0,0,0,0,0,0,0,0,26,35,37,33,35,44,48,48,44,46,53,60,57,44,31,0,0,0,0,0,0,0,0,0,28,44,55,57,55,46,48,48,64,75,84,73,68,44,26,0,0,0,0,0,0,0,0,0,40,48,57,57,46,44,42,57,62,77,77,80,66,48,26,0,0,0,0,0,0,0,0,0,35,48,66,88,86,68,71,66,66,53,0,0,0,0,0,0,0,0,0,0,0,0,0,0,60,80,88,84,71,0,0,0,0,0,0,0,0,0,0,0,"Fitness, Leisure, Entertainment"
BAR LORI di Lori Fabio Maurizio,bar,42.8550771,13.5747822,0,0,0,0,0,0,18,25,25,29,22,14,22,22,25,22,25,37,37,40,33,25,18,0,0,0,0,0,0,0,48,37,33,22,29,22,11,7,18,33,44,37,40,55,48,37,22,0,0,0,0,0,0,0,3,11,18,18,25,29,37,33,33,0,0,0,0,0,0,0,0,0,0,0,0,0,0,0,25,29,44,29,33,29,25,33,22,25,18,14,11,14,33,22,18,0,0,0,0,0,0,0,29,14,7,18,40,59,55,37,22,25,29,18,18,18,18,25,29,0,0,0,0,0,0,0,18,14,14,25,33,48,59,55,0,0,29,40,74,96,100,66,48,0,0,0,0,0,0,0,0,0,0,0,0,0,0,0,0,0,0,0,0,0,0,0,0,0,"Food, Entertainment, Leisure"
Maracais Hostaria,ristoranti,42.8518168,13.6009412,0,0,0,0,0,0,0,30,40,60,55,45,30,40,60,60,40,25,25,30,20,20,20,20,0,0,0,0,0,0,0,60,65,55,45,45,50,50,30,10,15,25,40,30,40,35,50,55,0,0,0,0,0,0,0,35,60,65,65,60,60,70,85,90,70,45,35,30,15,35,35,50,0,0,0,0,0,0,0,35,50,45,50,35,55,65,100,75,50,25,40,40,45,40,30,35,0,0,0,0,0,0,0,25,40,45,45,55,35,25,35,65,60,55,55,45,40,50,50,65,0,0,0,0,0,0,0,35,45,40,40,35,55,75,60,45,40,45,50,30,25,15,20,20,0,0,0,0,0,0,0,0,0,0,45,35,25,30,30,40,45,45,30,45,45,65,40,30,"Food, Leisure"
Pasticceria Angelo srl,Pasticceria,42.8503216,13.5913507,0,0,0,0,0,0,0,0,0,0,0,0,0,0,0,0,0,0,0,0,0,0,0,0,0,0,0,0,0,0,14,28,48,61,68,65,54,44,41,48,56,57,49,35,0,0,0,0,0,0,0,0,0,0,11,24,42,58,68,68,59,46,43,49,60,63,53,36,0,0,0,0,0,0,0,0,0,0,16,31,50,62,69,66,56,45,42,50,63,71,62,42,0,0,0,0,0,0,0,0,0,0,15,31,49,62,71,72,61,52,46,53,60,63,56,40,0,0,0,0,0,0,0,0,0,0,11,28,52,78,97,100,83,59,45,47,57,65,60,42,0,0,0,0,0,0,0,0,0,0,8,20,39,63,81,88,73,53,40,42,52,57,49,33,0,0,0,0,Food
INTESA SANPAOLO S.P.A. - Bancomat,Bancomat,42.8503665,13.5982049,46,46,66,46,33,13,20,33,33,13,0,6,13,13,20,33,40,53,53,60,46,40,40,53,46,20,6,0,6,20,20,33,33,40,60,86,100,86,100,66,46,20,26,53,40,46,26,26,60,46,26,20,33,26,20,6,13,6,0,13,40,60,33,13,6,20,53,60,60,33,20,40,33,40,66,60,40,46,53,53,33,40,53,53,26,26,20,20,13,26,26,46,60,80,80,46,60,60,46,53,46,53,53,66,73,46,26,20,20,26,40,40,40,40,26,13,13,46,80,93,53,60,40,46,33,53,60,80,60,53,60,60,46,20,13,13,40,53,53,33,40,73,93,80,26,26,26,6,13,26,46,40,26,20,40,33,33,46,53,73,80,73,46,26,26,26,20,26,Finance
Lorenz Cafè - Bar Ristorante Steak House Pizzeria,ristoranti,42.8548983,13.5753017,28,47,0,0,0,0,0,14,9,14,28,66,85,100,85,57,28,33,57,76,85,80,42,33,42,23,0,0,0,0,0,33,38,28,23,33,57,85,66,38,19,19,33,52,66,52,52,42,33,19,0,0,0,0,0,52,57,57,42,47,57,85,76,57,33,28,38,61,71,61,57,38,19,38,0,0,0,0,0,28,38,28,23,33,42,61,57,61,42,42,52,76,71,61,38,23,47,23,0,0,0,0,0,14,4,4,14,33,76,100,76,57,42,33,28,33,38,38,42,42,33,33,0,0,0,0,0,19,23,38,23,23,28,47,47,38,14,14,14,33,33,38,42,52,28,33,0,0,0,0,0,14,14,23,28,47,61,61,28,19,23,38,42,57,42,38,33,28,"Food, Leisure"
Bar Tazza D'Oro Di Quartarulli Fabio & C. Snc,bar,42.8550491,13.5781787,0,0,0,0,0,0,40,40,40,33,33,33,33,46,40,33,33,33,26,20,33,46,46,0,0,0,0,0,0,0,53,46,20,26,33,40,46,33,33,33,46,60,73,86,60,53,60,0,0,0,0,0,0,0,53,66,66,80,100,73,53,33,40,46,53,46,46,53,53,46,40,0,0,0,0,0,0,0,46,33,20,13,13,33,60,53,46,40,46,46,46,33,26,33,33,0,0,0,0,0,0,0,26,40,40,53,53,33,33,33,46,60,60,53,73,40,20,6,26,0,0,0,0,0,0,0,40,40,20,20,40,53,73,86,53,46,33,40,46,60,33,40,33,0,0,0,0,0,0,0,0,0,26,20,20,26,26,33,26,26,33,66,66,73,73,46,40,0,"Food, Entertainment, Leisure"
Bar Sestili,bar,42.8550156,13.5758826,0,0,0,0,0,0,0,0,53,55,59,67,65,57,48,44,59,61,75,65,75,59,57,34,0,0,0,0,0,0,0,0,0,0,0,0,0,0,0,0,0,0,0,0,0,0,0,0,0,0,0,0,0,0,0,0,67,69,65,48,36,30,26,16,12,26,34,51,42,46,51,46,0,0,0,0,0,0,0,0,40,46,55,53,48,59,44,48,55,63,65,61,63,63,57,53,0,0,0,0,0,0,0,0,61,53,53,48,42,51,55,55,65,73,77,89,81,71,48,42,0,0,0,0,0,0,0,0,30,42,57,69,75,69,61,40,32,38,48,67,79,89,69,55,0,0,0,0,0,0,0,0,61,83,100,79,61,53,44,61,53,61,63,77,65,57,38,30,"Food, Entertainment, Leisure"
Beautiful Hair Srl,Negozio di prodotti di bellezza,42.8526386,13.5869477,0,0,0,0,0,0,0,0,0,41,62,58,58,54,58,62,75,66,70,58,0,0,0,0,0,0,0,0,0,0,0,0,0,50,62,62,62,62,62,54,79,100,87,50,0,0,0,0,0,0,0,0,0,0,0,0,0,25,20,37,37,50,66,70,75,70,66,62,0,0,0,0,0,0,0,0,0,0,0,0,0,54,41,33,25,25,33,54,79,79,70,50,0,0,0,0,0,0,0,0,0,0,0,0,0,50,54,58,41,37,37,45,58,41,33,16,0,0,0,0,0,0,0,0,0,0,0,0,0,62,70,70,50,0,0,0,33,45,62,75,0,0,0,0,0,0,0,0,0,0,0,0,0,0,0,0,0,0,0,0,0,0,0,0,0,0,0,0,"Beauty, Retail"
Macelleria Civilotti,Macelleria,42.8546737,13.5676978,0,0,0,0,0,0,0,27,33,32,33,38,46,40,0,0,62,74,71,55,0,0,0,0,0,0,0,0,0,0,0,24,34,44,45,39,37,24,0,0,20,30,34,39,0,0,0,0,0,0,0,0,0,0,0,24,31,34,43,43,38,32,0,0,48,55,51,44,0,0,0,0,0,0,0,0,0,0,0,16,25,36,54,62,55,38,0,0,44,61,80,73,0,0,0,0,0,0,0,0,0,0,0,22,33,44,49,56,40,31,0,0,39,50,53,42,0,0,0,0,0,0,0,0,0,0,0,28,32,37,46,48,42,30,0,0,53,79,100,91,0,0,0,0,0,0,0,0,0,0,0,0,0,0,0,0,0,0,0,0,0,0,0,0,0,0,0,0,"Food, Retail"
Lungocastelano Architettura,Fermata dell'autobus,42.8500932,13.5754093,52,52,52,47,23,23,23,17,17,41,52,47,41,29,41,41,41,29,41,64,70,47,29,41,35,23,11,17,23,41,41,64,64,64,29,23,41,17,11,11,17,23,29,41,70,100,76,64,41,41,29,17,17,29,29,35,41,47,47,41,23,29,23,23,35,29,11,5,11,35,41,47,58,52,35,17,5,5,5,5,17,47,47,52,70,64,70,64,58,47,41,47,52,41,29,41,47,35,23,5,0,5,17,11,17,35,58,35,23,11,17,5,11,17,35,29,23,11,23,35,52,23,11,11,11,17,17,17,29,11,5,5,23,35,35,29,47,35,29,23,17,35,52,47,11,17,29,41,35,47,47,41,23,23,41,29,23,29,35,29,23,5,11,11,11,17,29,29,"Travel, Automotive"
Caffè Bistrò,caffetterie,42.8564886,13.5753532,0,0,0,0,0,0,0,18,34,55,68,80,72,75,54,0,0,31,39,40,32,26,22,0,0,0,0,0,0,0,0,26,47,75,93,90,70,57,37,0,0,24,44,54,44,22,9,0,0,0,0,0,0,0,0,27,40,60,70,65,62,59,50,0,0,19,21,21,18,14,9,0,0,0,0,0,0,0,0,16,37,55,70,75,63,49,34,0,0,24,37,50,49,44,29,0,0,0,0,0,0,0,0,29,42,62,73,75,57,60,50,0,0,31,47,63,59,37,18,0,0,0,0,0,0,0,0,26,50,85,100,100,60,42,27,0,0,36,57,75,72,55,44,0,0,0,0,0,0,0,0,0,0,0,0,0,0,0,0,0,0,0,0,0,0,0,0,0,"Food, Leisure"
Bar Nepi,bar,42.8520578,13.5929082,0,0,0,0,0,0,0,14,26,38,40,48,50,42,38,36,40,50,68,68,42,18,0,0,0,0,0,0,0,0,0,10,12,20,32,50,48,46,30,28,44,74,96,96,66,38,0,0,0,0,0,0,0,0,0,16,34,52,58,58,62,50,40,24,30,44,60,64,52,40,0,0,0,0,0,0,0,0,0,8,12,18,30,34,32,28,22,22,24,40,52,56,50,34,0,0,0,0,0,0,0,0,0,20,22,32,30,44,48,52,32,34,38,68,88,98,72,50,0,0,0,0,0,0,0,0,0,12,18,40,58,78,72,54,36,38,50,68,90,100,94,66,0,0,0,0,0,0,0,0,0,4,6,18,26,36,28,24,22,20,24,24,26,16,12,10,0,0,"Food, Entertainment, Leisure"
Supermercato Tigre Amico,Alimentari,42.8516275,13.5934573,0,0,0,0,0,0,0,17,29,47,67,69,57,0,0,0,33,43,45,33,0,0,0,0,0,0,0,0,0,0,0,9,25,45,65,68,60,0,0,0,45,61,60,45,0,0,0,0,0,0,0,0,0,0,0,16,31,44,56,55,46,0,0,0,28,38,42,36,0,0,0,0,0,0,0,0,0,0,0,13,19,32,41,45,38,0,0,0,30,43,46,35,0,0,0,0,0,0,0,0,0,0,0,16,28,44,56,66,55,0,0,0,33,46,48,32,0,0,0,0,0,0,0,0,0,0,0,12,30,57,89,100,76,0,0,0,29,42,41,30,0,0,0,0,0,0,0,0,0,0,0,0,0,0,0,0,0,0,0,0,0,0,0,0,0,0,0,0,"Food, Retail"
Bar Piceno Di Amadio Giuseppe,bar,42.8597829,13.571668,0,0,0,0,0,0,0,72,72,78,66,66,66,75,75,84,96,93,72,60,45,39,39,0,0,0,0,0,0,0,0,45,42,54,48,54,48,60,54,57,42,48,42,39,33,27,27,0,0,0,0,0,0,0,0,72,72,66,63,63,60,48,36,54,57,66,57,51,39,33,33,0,0,0,0,0,0,0,0,63,63,72,81,90,84,72,66,57,66,81,96,87,57,30,18,0,0,0,0,0,0,0,0,45,57,66,75,90,87,66,54,63,75,84,87,81,60,60,45,0,0,0,0,0,0,0,0,33,48,54,78,90,100,81,63,66,75,96,87,78,63,33,24,0,0,0,0,0,0,0,0,60,57,54,69,90,93,69,42,30,30,42,51,57,48,39,18,0,"Food, Entertainment, Leisure"
SuperCoal-Celani,Negozio di alimentari,42.8596568,13.5801634,0,0,0,0,0,0,0,23,38,57,72,82,79,65,53,49,56,60,58,39,0,0,0,0,0,0,0,0,0,0,0,28,48,69,83,90,89,76,60,47,48,53,51,40,0,0,0,0,0,0,0,0,0,0,0,20,34,45,56,60,60,49,39,33,36,38,38,26,0,0,0,0,0,0,0,0,0,0,0,22,38,53,63,70,70,60,48,43,51,59,56,39,0,0,0,0,0,0,0,0,0,0,0,19,36,56,75,86,83,63,48,43,52,58,56,39,0,0,0,0,0,0,0,0,0,0,0,18,32,53,79,100,97,70,48,43,46,49,48,36,0,0,0,0,0,0,0,0,0,0,0,0,0,0,0,0,0,0,0,0,0,0,0,0,0,0,0,0,"Food, Retail"
Cava S.r.l.s.,Negozio di alimentari,42.8513583,13.5934536,0,0,0,0,0,0,0,0,0,0,0,0,0,0,0,0,0,0,0,0,0,0,0,0,0,0,0,0,0,0,0,0,15,23,26,28,25,20,0,0,10,21,30,25,0,0,0,0,0,0,0,0,0,0,0,0,16,20,28,36,26,23,0,0,10,10,11,10,0,0,0,0,0,0,0,0,0,0,0,0,11,21,18,16,8,6,0,0,11,11,15,10,0,0,0,0,0,0,0,0,0,0,0,0,10,13,15,20,21,18,0,0,21,25,28,23,0,0,0,0,0,0,0,0,0,0,0,0,41,51,53,36,23,13,0,0,16,21,26,15,0,0,0,0,0,0,0,0,0,0,0,0,13,35,73,100,98,53,0,0,0,0,0,0,0,0,0,0,"Food, Retail"
Farmacia Simonelli Dott. Giovanni,Farmacia,42.8535201,13.5752174,0,0,0,0,0,0,0,0,42,60,66,60,66,72,72,84,81,87,78,66,0,0,0,0,0,0,0,0,0,0,0,0,51,66,84,100,81,72,69,75,75,78,60,57,0,0,0,0,0,0,0,0,0,0,0,0,42,42,57,54,57,51,60,75,90,90,93,57,0,0,0,0,0,0,0,0,0,0,0,0,48,72,72,72,45,45,39,54,75,90,78,54,0,0,0,0,0,0,0,0,0,0,0,0,66,87,90,87,60,45,39,54,66,81,84,69,0,0,0,0,0,0,0,0,0,0,0,0,0,39,57,63,48,0,0,0,36,39,33,36,0,0,0,0,0,0,0,0,0,0,0,0,0,24,42,39,39,0,0,0,0,0,0,0,0,0,0,0,"Health, Retail"
Porta Tufilla,attrazioni,42.8569723,13.578366,22,17,18,17,20,15,22,24,34,39,43,46,48,44,41,44,63,58,58,43,31,27,27,31,18,13,12,15,17,15,13,18,25,36,53,60,58,50,29,24,27,41,44,34,25,17,18,20,29,27,12,8,6,8,10,17,27,51,63,68,56,41,31,39,48,44,41,31,29,24,24,31,27,15,13,6,3,6,15,29,41,55,65,75,86,72,58,53,50,43,37,34,31,25,31,32,15,10,12,8,10,12,20,34,48,51,51,58,67,67,58,60,58,46,48,48,43,29,20,17,25,17,15,13,12,18,18,32,53,81,100,94,75,46,31,36,50,58,60,48,44,37,46,41,18,15,15,17,12,12,8,5,10,32,60,68,62,34,31,39,58,65,55,44,36,36,37,32,"Culture, Entertainment, Travel, Leisure, Point of Interest"
Euforia,Gelateria,42.8529658,13.5937555,0,0,0,0,0,0,0,5,10,15,19,19,17,16,20,24,26,26,22,14,9,0,0,0,0,0,0,0,0,0,0,8,14,22,27,26,21,15,14,17,19,20,18,14,8,0,0,0,0,0,0,0,0,0,0,9,16,27,36,35,26,20,16,21,25,24,20,13,6,0,0,0,0,0,0,0,0,0,0,8,15,20,23,20,15,11,9,12,17,21,23,15,9,0,0,0,0,0,0,0,0,0,0,4,10,18,25,27,21,17,17,21,26,25,22,15,7,0,0,0,0,0,0,0,0,0,0,12,30,59,89,100,79,46,28,25,31,32,28,20,11,0,0,0,0,0,0,0,0,0,0,0,0,0,0,0,0,0,0,0,0,0,0,0,0,0,0,0,"Food, Leisure, Kids"
Bar Centrale,bar,42.854829,13.5753075,23,23,0,0,0,0,0,0,0,0,46,38,15,38,69,76,61,76,84,69,61,30,30,30,38,53,0,0,0,0,0,0,0,0,61,38,38,30,38,38,61,61,61,53,53,46,61,61,15,30,0,0,0,0,0,0,0,0,23,23,30,30,38,30,46,46,69,69,92,100,84,30,23,38,0,0,0,0,0,0,0,0,23,30,46,53,69,61,53,38,23,23,30,38,30,30,61,46,0,0,0,0,0,0,0,0,69,46,53,92,84,61,30,30,7,7,23,7,23,38,69,61,0,0,0,0,0,0,0,0,7,7,23,46,46,30,23,15,23,23,23,53,76,84,53,61,0,0,0,0,0,0,0,0,84,53,15,7,15,30,23,7,15,46,61,84,69,76,"Food, Entertainment, Leisure"
Bar L'Isola Che Non C'E'Di Felicetti Piergiorgio,bar,42.859814,13.5645049,0,0,0,0,0,0,35,53,69,76,75,76,67,65,59,68,73,75,69,47,27,0,0,0,0,0,0,0,0,0,35,50,63,69,77,72,64,55,53,60,65,69,61,47,0,0,0,0,0,0,0,0,0,0,31,48,53,59,60,63,64,59,53,53,55,53,50,35,0,0,0,0,0,0,0,0,0,0,38,61,73,86,81,72,57,52,52,56,65,72,61,40,0,0,0,0,0,0,0,0,0,0,25,48,57,67,69,67,63,64,69,81,88,89,76,52,0,0,0,0,0,0,0,0,0,0,28,42,68,86,100,98,78,51,0,0,0,0,0,0,0,0,0,0,0,0,0,0,0,0,0,19,21,27,21,17,10,0,0,0,0,0,0,0,0,0,0,0,"Food, Entertainment, Leisure"
Circo Danza A.S.D.,Scuola di danza,42.8525663,13.6002986,0,0,0,0,0,0,16,38,83,94,88,66,61,72,55,38,27,22,22,33,27,44,44,0,0,0,0,0,0,0,22,22,44,77,66,44,22,22,11,11,33,38,50,61,50,38,27,0,0,0,0,0,0,0,16,11,5,22,22,5,11,27,33,38,55,72,66,50,50,22,22,0,0,0,0,0,0,0,55,44,27,27,27,55,61,100,72,72,66,77,72,61,38,27,22,0,0,0,0,0,0,0,66,77,66,50,33,22,22,33,38,50,55,55,33,27,38,61,77,0,0,0,0,0,0,0,22,16,22,22,22,27,33,38,44,38,27,22,11,27,38,50,27,0,0,0,0,0,0,0,50,50,55,61,44,50,38,61,50,55,33,44,33,33,38,44,44,0,"Culture, Fitness, Kids, Leisure, Entertainment"
Teatro Romano,attrazioni,42.8537341,13.568769,2,4,4,4,6,17,24,31,37,37,42,55,64,88,84,93,84,75,55,35,26,15,11,6,20,13,6,11,6,6,11,20,35,33,31,31,37,55,57,71,64,57,53,35,28,20,24,24,13,17,20,22,17,17,17,28,33,37,44,55,66,86,91,100,80,68,46,35,22,20,15,15,11,17,20,20,15,20,31,33,44,35,37,42,48,51,53,60,64,62,55,48,28,24,17,15,24,26,26,24,26,20,17,28,33,42,46,48,46,44,37,42,51,44,35,26,33,31,37,26,20,15,13,11,13,17,17,28,44,57,73,84,86,71,48,37,40,48,42,26,17,17,26,20,22,24,31,20,15,11,20,24,44,57,84,93,91,60,57,62,66,73,44,40,28,28,28,24,"Culture, Entertainment, Travel, Leisure, Point of Interest"
CONAD,Alimentari,42.8503577,13.5980475,0,0,0,0,0,0,0,0,31,47,60,72,74,66,56,53,59,64,58,43,22,0,0,0,0,0,0,0,0,0,0,0,32,46,62,75,75,65,52,50,57,63,59,45,24,0,0,0,0,0,0,0,0,0,0,0,28,38,48,56,59,54,44,43,45,54,51,42,24,0,0,0,0,0,0,0,0,0,0,0,29,41,53,60,62,58,50,51,55,62,60,45,23,0,0,0,0,0,0,0,0,0,0,0,31,47,64,76,77,70,56,54,56,61,60,48,27,0,0,0,0,0,0,0,0,0,0,0,24,44,71,97,100,78,56,47,53,62,63,50,29,0,0,0,0,0,0,0,0,0,0,0,17,34,49,55,47,0,0,0,20,28,27,21,0,0,0,0,"Food, Retail"
TAMA caffè CAFFETTERIA,caffetterie,42.855069,13.578,0,0,0,0,0,0,27,37,51,67,69,65,53,44,41,35,34,31,35,24,0,0,0,0,0,0,0,0,0,0,28,47,76,89,95,81,70,51,46,41,45,44,39,22,0,0,0,0,0,0,0,0,0,0,21,28,48,61,67,62,49,36,34,35,42,41,35,23,0,0,0,0,0,0,0,0,0,0,22,30,39,46,54,54,50,50,49,44,40,37,32,21,0,0,0,0,0,0,0,0,0,0,37,51,64,74,82,72,57,47,42,41,45,45,42,27,0,0,0,0,0,0,0,0,0,0,20,34,56,81,100,98,69,56,48,51,46,44,38,25,0,0,0,0,0,0,0,0,0,0,0,0,0,0,0,0,0,0,0,0,0,0,0,0,0,0,0,0,"Food, Leisure"
Locanda del Medioevo,ristoranti,42.8540226,13.578757,0,0,0,0,0,0,0,0,0,0,0,0,9,16,18,0,0,0,0,19,34,40,37,0,0,0,0,0,0,0,0,0,0,0,0,0,8,8,10,0,0,0,0,13,21,22,22,0,0,0,0,0,0,0,0,0,0,0,0,0,0,0,0,0,0,0,0,0,0,0,0,0,0,0,0,0,0,0,0,0,0,0,0,0,13,18,18,0,0,0,0,17,25,22,18,0,0,0,0,0,0,0,0,0,0,0,0,0,8,13,13,0,0,0,0,21,38,47,47,0,0,0,0,0,0,0,0,0,0,0,0,0,13,17,17,0,0,0,0,48,83,100,84,0,0,0,0,0,0,0,0,0,0,0,0,0,22,30,32,0,0,0,0,32,44,41,29,0,"Food, Leisure"
Beer Coyote,bar,42.856344,13.576096,0,0,0,0,0,0,0,0,0,0,0,0,0,0,0,0,0,0,0,0,0,0,0,0,22,13,0,0,0,0,0,0,0,0,0,0,0,0,0,0,0,0,13,17,22,29,32,29,26,13,0,0,0,0,0,0,0,0,0,0,0,0,0,0,0,0,13,20,29,37,44,40,24,11,0,0,0,0,0,0,0,0,0,0,0,0,0,0,0,0,15,27,35,40,41,38,70,46,0,0,0,0,0,0,0,0,0,0,0,0,0,0,0,0,7,18,39,61,83,90,77,51,0,0,0,0,0,0,0,0,0,0,0,0,0,0,0,0,18,35,59,80,94,100,25,13,0,0,0,0,0,0,0,0,0,0,0,0,0,0,0,0,17,31,41,45,44,38,"Food, Entertainment, Leisure"
Bcc Picena,Banca,42.859821,13.5789211,0,0,0,0,0,0,0,0,33,66,94,100,85,64,50,42,28,0,0,0,0,0,0,0,0,0,0,0,0,0,0,0,41,67,82,91,80,66,62,57,53,0,0,0,0,0,0,0,0,0,0,0,0,0,0,0,33,55,73,76,67,51,41,33,30,0,0,0,0,0,0,0,0,0,0,0,0,0,0,0,33,50,73,71,64,53,46,50,37,0,0,0,0,0,0,0,0,0,0,0,0,0,0,0,53,76,91,100,82,60,37,37,37,0,0,0,0,0,0,0,0,0,0,0,0,0,0,0,0,0,0,0,0,0,0,0,0,0,0,0,0,0,0,0,0,0,0,0,0,0,0,0,0,0,0,0,0,0,0,0,0,0,0,0,0,0,0,0,Finance
BPER Banca,Banca,42.8539415,13.5815015,0,0,0,0,0,0,0,0,52,82,98,100,75,0,38,41,30,0,0,0,0,0,0,0,0,0,0,0,0,0,0,0,47,69,88,75,55,0,26,25,18,0,0,0,0,0,0,0,0,0,0,0,0,0,0,0,53,81,96,82,60,0,34,41,36,0,0,0,0,0,0,0,0,0,0,0,0,0,0,0,31,52,69,80,72,0,43,39,29,0,0,0,0,0,0,0,0,0,0,0,0,0,0,0,39,65,87,88,73,0,34,29,0,0,0,0,0,0,0,0,0,0,0,0,0,0,0,0,0,0,0,0,0,0,0,0,0,0,0,0,0,0,0,0,0,0,0,0,0,0,0,0,0,0,0,0,0,0,0,0,0,0,0,0,0,0,0,0,Finance
Randstad,Agenzia per il lavoro,42.853787,13.5935308,0,0,0,0,0,0,0,0,0,41,54,69,67,0,54,58,54,36,0,0,0,0,0,0,0,0,0,0,0,0,0,0,0,65,89,91,71,0,50,71,78,73,0,0,0,0,0,0,0,0,0,0,0,0,0,0,0,45,47,63,60,0,50,65,78,67,0,0,0,0,0,0,0,0,0,0,0,0,0,0,0,67,69,80,73,0,67,76,82,80,0,0,0,0,0,0,0,0,0,0,0,0,0,0,0,60,80,86,82,0,78,89,100,86,0,0,0,0,0,0,0,0,0,0,0,0,0,0,0,0,0,0,0,0,0,0,0,0,0,0,0,0,0,0,0,0,0,0,0,0,0,0,0,0,0,0,0,0,0,0,0,0,0,0,0,0,0,0,Professional/Commercial Services
Supermercato Tigre,Alimentari,42.856773,13.5759079,0,0,0,0,0,0,0,0,28,51,73,84,77,60,47,43,55,61,59,41,0,0,0,0,0,0,0,0,0,0,0,0,30,51,82,94,87,64,49,43,48,52,46,32,0,0,0,0,0,0,0,0,0,0,0,0,31,48,68,74,70,56,41,38,43,46,44,38,0,0,0,0,0,0,0,0,0,0,0,0,21,36,56,76,77,62,44,36,40,47,49,41,0,0,0,0,0,0,0,0,0,0,0,0,30,52,75,86,88,72,56,50,49,51,47,34,0,0,0,0,0,0,0,0,0,0,0,0,31,54,84,100,94,69,47,41,47,53,53,40,0,0,0,0,0,0,0,0,0,0,0,0,0,23,36,46,42,0,0,0,0,0,0,0,0,0,0,0,"Food, Retail"
Caffè Del Duca Tabaccheria,bar,42.8573609,13.5930006,0,0,0,0,0,0,43,60,81,79,84,84,79,62,62,64,67,69,64,47,0,0,0,0,0,0,0,0,0,0,15,26,47,56,75,77,66,58,50,52,49,49,41,33,0,0,0,0,0,0,0,0,0,0,32,56,67,66,52,43,33,35,45,54,58,47,47,39,0,0,0,0,0,0,0,0,0,0,30,37,52,58,56,50,52,64,50,52,54,56,49,45,0,0,0,0,0,0,0,0,0,0,47,67,73,73,77,88,88,73,67,60,62,69,88,94,0,0,0,0,0,0,0,0,0,0,24,52,71,100,100,94,75,64,73,84,77,62,54,41,0,0,0,0,0,0,0,0,0,0,0,0,0,0,0,0,0,0,0,0,0,0,0,0,0,0,0,0,"Food, Entertainment, Leisure"
Bar Diana,bar,42.8517064,13.5900233,0,0,0,0,0,0,12,29,51,70,70,72,59,55,45,49,46,61,64,57,33,18,11,11,0,0,0,0,0,0,25,35,51,57,54,54,46,45,36,40,44,61,72,74,45,29,18,15,0,0,0,0,0,0,37,50,58,50,50,55,62,55,58,55,66,68,72,64,42,25,16,14,0,0,0,0,0,0,22,32,40,54,50,53,44,44,35,35,45,51,63,58,38,27,23,20,0,0,0,0,0,0,15,25,40,53,54,57,62,62,54,45,53,68,89,81,57,37,28,23,0,0,0,0,0,0,15,23,40,55,70,81,70,50,36,38,59,85,100,94,64,37,27,23,0,0,0,0,0,0,9,23,44,68,83,90,80,58,38,31,36,54,77,80,58,36,20,14,"Food, Entertainment, Leisure"
Eurospin,Alimentari,42.8548733,13.5863834,0,0,0,0,0,0,0,0,26,47,70,82,78,62,52,57,72,83,75,52,24,0,0,0,0,0,0,0,0,0,0,0,28,49,69,80,76,61,49,52,61,70,63,44,20,0,0,0,0,0,0,0,0,0,0,0,20,36,52,60,56,45,39,43,51,58,52,37,17,0,0,0,0,0,0,0,0,0,0,0,22,38,54,62,61,52,47,52,64,72,64,45,21,0,0,0,0,0,0,0,0,0,0,0,27,51,72,84,77,64,54,56,65,70,64,44,21,0,0,0,0,0,0,0,0,0,0,0,31,57,84,100,95,74,59,60,69,74,66,46,22,0,0,0,0,0,0,0,0,0,0,0,18,38,60,70,60,0,0,36,56,67,61,41,0,0,0,0,"Food, Retail"
Libreria Rinascita,Libreria,42.853466,13.5756435,0,0,0,0,0,0,0,0,0,0,0,0,0,0,0,0,40,59,63,55,0,0,0,0,0,0,0,0,0,0,0,0,0,28,40,50,52,49,40,40,50,66,65,53,0,0,0,0,0,0,0,0,0,0,0,0,0,23,31,33,34,24,23,27,40,52,53,42,0,0,0,0,0,0,0,0,0,0,0,0,0,26,40,37,37,33,43,49,69,75,89,79,60,56,47,43,0,0,0,0,0,0,0,0,0,11,21,28,37,39,50,47,63,82,92,73,36,0,0,0,0,0,0,0,0,0,0,0,0,28,46,46,39,39,43,52,65,86,100,78,49,0,0,0,0,0,0,0,0,0,0,0,0,0,42,44,42,0,0,0,53,55,52,37,0,0,0,0,"Book, Culture, Leisure, Retail"
Sound Art Museum Online,musei,42.8544922,13.5814484,33,26,26,53,33,26,33,33,20,20,20,46,20,20,20,53,73,100,60,46,26,53,46,33,40,26,20,20,26,26,26,40,46,46,26,33,33,53,66,40,20,6,13,26,13,20,26,26,40,60,73,73,33,33,26,40,46,60,60,33,26,13,33,33,20,20,26,40,53,66,46,46,53,46,40,66,93,73,60,40,60,60,53,26,20,33,26,53,46,53,53,46,46,20,26,40,26,33,33,53,66,53,53,46,60,66,46,60,20,13,20,26,40,46,33,40,40,46,33,20,46,66,86,66,40,40,33,33,26,26,20,13,26,33,40,33,40,26,53,46,60,40,33,40,53,33,40,20,26,6,6,6,26,26,40,53,60,33,13,13,40,60,73,53,53,46,60,53,"Culture, Leisure"
Espressamente Illy,bar,42.8600651,13.5776252,0,0,0,0,0,0,12,26,41,52,64,67,61,56,55,52,48,36,30,20,17,0,0,0,0,0,0,0,0,0,34,52,57,70,70,64,54,48,50,55,55,48,38,33,23,0,0,0,0,0,0,0,0,0,14,27,50,68,84,78,56,48,42,44,43,38,36,24,20,0,0,0,0,0,0,0,0,0,24,37,56,74,86,85,68,56,48,51,61,61,51,37,26,0,0,0,0,0,0,0,0,0,26,42,64,71,71,64,54,55,52,52,47,37,31,24,17,0,0,0,0,0,0,0,0,0,17,27,43,52,65,57,43,36,34,33,32,32,30,30,27,0,0,0,0,0,0,0,0,0,13,28,51,81,100,92,66,40,30,26,25,27,26,23,14,0,0,0,"Food, Entertainment, Leisure"
Il Campione Sport - Sede Ascoli Piceno,Negozio di articoli sportivi,42.8531548,13.5972276,0,0,0,0,0,0,0,0,0,0,0,0,0,0,0,0,0,0,0,0,0,0,0,0,0,0,0,0,0,0,0,0,0,30,38,43,42,0,0,0,48,57,55,42,0,0,0,0,0,0,0,0,0,0,0,0,0,31,42,47,50,0,0,0,48,53,46,30,0,0,0,0,0,0,0,0,0,0,0,0,0,38,47,48,43,0,0,0,52,71,66,53,0,0,0,0,0,0,0,0,0,0,0,0,0,21,31,32,33,0,0,0,41,53,46,40,0,0,0,0,0,0,0,0,0,0,0,0,0,38,66,100,92,0,0,0,52,61,48,34,0,0,0,0,0,0,0,0,0,0,0,0,0,0,0,0,0,0,0,0,0,0,0,0,0,0,0,0,"Fitness, Fashion, Leisure, Retail"
Farmacia Comunale N 2,Farmacia,42.8514184,13.5930049,0,0,0,0,0,0,0,0,37,52,64,68,61,57,52,63,85,100,95,71,0,0,0,0,0,0,0,0,0,0,0,0,23,47,66,80,71,54,44,49,69,80,84,58,0,0,0,0,0,0,0,0,0,0,0,0,34,62,85,95,81,53,34,36,56,80,82,63,0,0,0,0,0,0,0,0,0,0,0,0,29,39,55,59,60,47,49,57,77,87,78,52,0,0,0,0,0,0,0,0,0,0,0,0,24,43,73,88,81,61,49,47,58,74,76,57,0,0,0,0,0,0,0,0,0,0,0,0,28,58,84,97,83,55,0,0,0,0,0,0,0,0,0,0,0,0,0,0,0,0,0,0,0,0,0,0,0,0,0,0,0,0,0,0,0,0,0,0,"Health, Retail"
Caffè del Corso,caffetterie,42.8550632,13.5733547,0,0,0,0,0,0,26,30,46,57,73,69,53,57,34,34,30,34,38,38,34,30,30,34,0,0,0,0,0,0,30,38,46,50,57,65,61,53,42,38,30,23,34,30,26,23,19,26,0,0,0,0,0,0,15,15,26,38,46,34,26,26,38,42,46,46,50,30,26,7,3,7,0,0,0,0,0,0,23,42,61,61,69,61,57,50,42,38,38,46,53,46,34,26,23,15,0,0,0,0,0,0,26,38,46,50,53,65,53,50,34,30,30,34,34,23,23,23,34,34,0,0,0,0,0,0,26,38,57,80,88,100,84,61,46,23,19,46,61,61,30,19,19,26,0,0,0,0,0,0,0,0,0,0,0,0,0,0,0,0,0,0,0,0,0,0,0,0,"Food, Leisure"
Dolce vita,Pasticceria,42.8582728,13.5649692,0,0,0,0,0,0,0,0,0,0,0,0,0,0,0,0,0,0,0,0,0,0,0,0,0,0,0,0,0,0,43,78,87,87,65,50,28,0,0,0,15,21,34,28,0,0,0,0,0,0,0,0,0,0,40,46,53,46,53,40,28,0,0,0,18,25,21,31,0,0,0,0,0,0,0,0,0,0,21,43,87,96,87,62,31,0,0,0,21,21,21,34,0,0,0,0,0,0,0,0,0,0,53,59,62,59,62,50,43,0,0,0,18,34,34,46,0,0,0,0,0,0,0,0,0,0,34,46,59,87,100,100,71,0,0,0,37,50,59,40,0,0,0,0,0,0,0,0,0,0,18,21,40,62,75,62,53,0,0,0,0,0,0,0,0,0,0,0,Food
Acqua & Sapone,Negozio di prodotti di bellezza e per il benessere,42.8537598,13.5714608,0,0,0,0,0,0,0,0,26,52,76,75,56,0,0,0,66,86,86,57,0,0,0,0,0,0,0,0,0,0,0,0,34,60,86,95,79,0,0,0,59,78,73,53,0,0,0,0,0,0,0,0,0,0,0,0,20,39,57,66,55,0,0,0,59,75,66,40,0,0,0,0,0,0,0,0,0,0,0,0,20,34,60,84,81,0,0,0,62,71,66,37,0,0,0,0,0,0,0,0,0,0,0,0,31,52,79,92,75,0,0,0,72,85,68,52,0,0,0,0,0,0,0,0,0,0,0,0,26,49,86,100,94,0,0,0,53,75,78,52,0,0,0,0,0,0,0,0,0,0,0,0,0,0,0,0,0,0,0,0,0,0,0,0,0,0,0,0,Retail
Marcafè Arlecchino Enoteca Wine Bar,bar,42.8513326,13.593684,0,0,0,0,0,0,27,72,72,54,72,100,90,72,45,36,36,54,63,27,18,0,0,0,0,0,0,0,0,0,36,18,27,63,90,90,63,54,45,63,45,27,27,27,45,100,0,0,0,0,0,0,0,0,81,54,27,45,54,81,90,90,63,81,90,63,72,72,45,27,0,0,0,0,0,0,0,0,63,54,45,45,54,63,45,45,36,54,72,54,45,27,54,54,0,0,0,0,0,0,0,0,45,45,36,36,27,36,54,54,36,45,36,54,81,54,45,36,0,0,0,0,0,0,0,0,63,63,54,63,45,63,72,63,36,45,18,27,18,54,72,90,0,0,0,0,0,0,0,0,0,0,54,36,18,9,0,18,36,54,45,54,54,63,0,0,0,0,"Food, Entertainment, Leisure"
Conti e Clerici Sinergy - Arredamenti Elettrodomestici Assistenza,Negozio di elettrodomestici,42.8597709,13.5689661,0,0,0,0,0,0,0,0,0,0,0,0,0,0,0,43,49,45,0,0,0,0,0,0,0,0,0,0,0,0,0,0,0,73,75,66,43,0,0,58,64,77,66,37,0,0,0,0,0,0,0,0,0,0,0,0,0,33,54,64,47,0,0,32,52,71,71,50,0,0,0,0,0,0,0,0,0,0,0,0,0,69,83,84,66,0,0,49,64,71,77,60,0,0,0,0,0,0,0,0,0,0,0,0,0,81,100,92,52,0,0,32,52,64,67,56,0,0,0,0,0,0,0,0,0,0,0,0,0,56,77,83,64,0,0,0,0,0,0,0,0,0,0,0,0,0,0,0,0,0,0,0,0,0,0,0,0,0,0,0,0,0,0,0,0,0,0,0,"Home Appliances, Tech, Retail"
Tirabbesciò,bar,42.8541051,13.5752133,0,0,0,0,0,0,0,9,9,14,15,19,17,14,11,10,12,18,28,31,29,23,21,18,0,0,0,0,0,0,0,9,7,7,12,12,16,13,12,12,14,22,35,42,38,27,18,11,0,0,0,0,0,0,0,3,2,3,6,9,10,9,7,4,4,5,15,26,34,34,30,20,0,0,0,0,0,0,0,9,12,10,15,18,18,12,9,10,12,18,23,27,30,28,27,26,0,0,0,0,0,0,0,3,5,8,17,15,13,9,9,12,18,23,32,47,62,72,78,72,0,0,0,0,0,0,0,4,6,7,10,16,14,14,12,13,11,26,46,72,83,90,100,97,0,0,0,0,0,0,0,4,8,17,21,26,28,31,27,22,19,31,50,65,60,59,49,40,"Food, Entertainment, Leisure"
La Bottega dell'Oliva Ascolana,Grocery store,42.8578394,13.5728635,0,0,0,0,0,0,0,0,0,0,0,0,0,0,0,0,0,0,0,0,0,0,0,0,0,0,0,0,0,0,0,0,0,28,46,63,78,78,65,61,65,68,62,44,0,0,0,0,0,0,0,0,0,0,0,0,0,36,52,69,79,84,75,59,54,56,53,42,0,0,0,0,0,0,0,0,0,0,0,0,0,37,53,67,73,80,76,69,72,68,60,40,0,0,0,0,0,0,0,0,0,0,0,0,0,52,73,87,100,97,90,80,67,63,61,54,0,0,0,0,0,0,0,0,0,0,0,0,0,43,64,79,85,79,72,68,70,67,64,56,0,0,0,0,0,0,0,0,0,0,0,0,0,28,51,70,71,56,0,0,0,0,0,0,0,0,0,0,"Food, Retail"
Monterocco-strada Venarotta,Fermata dell'autobus,42.8620557,13.5650756,85,57,42,42,50,50,64,57,71,57,71,57,42,14,14,21,42,64,35,28,21,35,50,71,50,50,35,21,28,28,21,28,28,28,50,64,71,57,42,50,35,50,42,42,35,50,50,57,14,14,14,28,21,7,7,35,57,78,78,57,42,50,50,57,28,7,7,7,0,0,0,14,78,92,78,100,92,64,57,71,71,57,28,28,35,64,50,35,42,42,42,42,57,71,85,92,28,28,14,28,42,50,50,42,28,21,35,28,21,7,7,21,50,57,50,42,42,14,7,7,64,50,14,14,35,42,50,21,7,21,35,50,42,28,42,57,71,50,57,42,64,78,78,92,50,14,0,7,28,35,28,28,28,57,42,42,57,35,42,35,42,50,42,50,28,42,71,64,"Travel, Automotive"
Macelleria Clerici Giovanni-olive ascolane del piceno dop,Macelleria-gastronomia,42.8605139,13.5723896,0,0,0,0,0,0,0,0,27,38,52,54,52,37,32,34,48,58,54,39,0,0,0,0,0,0,0,0,0,0,0,0,30,48,59,65,53,40,35,36,44,48,50,39,0,0,0,0,0,0,0,0,0,0,0,0,29,49,59,57,46,32,32,40,57,62,54,35,0,0,0,0,0,0,0,0,0,0,0,0,27,42,55,60,54,38,30,37,54,62,55,38,0,0,0,0,0,0,0,0,0,0,0,0,36,46,60,63,61,47,45,50,60,63,55,34,0,0,0,0,0,0,0,0,0,0,0,0,38,63,90,100,88,63,45,42,54,61,52,32,0,0,0,0,0,0,0,0,0,0,0,0,0,0,0,0,0,0,0,0,0,0,0,0,0,0,0,0,"Food, Retail"
Caffè Invidia,caffetterie,42.8537327,13.5803802,0,0,0,0,0,0,0,35,49,67,84,86,88,84,81,67,72,71,69,50,35,22,0,0,0,0,0,0,0,0,0,28,49,61,67,69,74,77,66,62,66,76,88,69,49,23,0,0,0,0,0,0,0,0,0,32,52,66,66,69,62,71,47,45,33,42,42,40,28,22,0,0,0,0,0,0,0,0,0,44,59,72,84,89,91,89,79,61,49,52,61,52,38,18,0,0,0,0,0,0,0,0,0,44,62,76,84,96,93,89,76,69,79,98,100,81,49,27,0,0,0,0,0,0,0,0,0,20,35,50,79,89,72,55,32,22,27,37,55,72,86,79,0,0,0,0,0,0,0,0,0,0,0,0,0,0,0,0,0,0,0,0,0,0,0,0,0,0,"Food, Leisure"
trasporto veloce esclusivo,Agenzia di noleggio auto,42.8492209,13.5896269,53,53,38,61,53,69,53,46,46,38,38,53,61,46,53,84,84,69,69,53,53,46,46,53,76,61,38,23,23,23,30,61,69,53,46,38,53,30,15,15,15,15,23,53,84,76,76,92,15,23,38,30,30,46,53,61,46,15,15,30,69,69,92,69,76,53,23,7,23,30,38,15,46,69,46,46,23,23,30,30,38,30,30,46,61,69,76,69,76,76,53,53,23,15,0,23,23,15,30,46,53,38,23,30,46,53,61,38,53,53,69,38,30,15,46,46,61,46,38,53,30,38,30,23,30,53,69,76,76,100,53,46,46,61,53,46,30,38,69,92,92,84,69,46,46,30,23,23,30,53,38,30,38,53,53,53,61,46,38,38,53,53,46,38,53,69,46,38,"Automotive, Travel"
magazzini italiani,Negozio di biancheria intima,42.8510747,13.5947205,0,0,0,0,0,0,0,0,0,48,66,70,48,0,0,38,70,81,81,50,0,0,0,0,0,0,0,0,0,0,0,0,0,35,46,56,46,0,0,46,68,70,56,31,0,0,0,0,0,0,0,0,0,0,0,0,0,20,38,33,26,0,0,31,58,60,53,31,0,0,0,0,0,0,0,0,0,0,0,0,0,43,73,73,55,0,0,46,73,76,58,40,0,0,0,0,0,0,0,0,0,0,0,0,0,43,65,66,53,0,0,56,83,85,61,33,0,0,0,0,0,0,0,0,0,0,0,0,0,60,86,86,65,0,0,0,86,100,81,50,0,0,0,0,0,0,0,0,0,0,0,0,0,0,0,0,0,0,0,0,0,0,0,0,0,0,0,0,"Fashion, Luxury, Retail"
Casanova Food & Drink,bar,42.8548787,13.5695133,0,0,0,0,0,0,0,0,0,0,0,0,0,0,0,0,0,0,0,0,0,0,0,0,13,0,0,0,0,0,0,0,0,0,0,0,0,0,0,0,0,0,13,13,16,17,19,17,13,0,0,0,0,0,0,0,0,0,0,0,0,0,0,0,0,0,16,24,30,30,30,23,31,0,0,0,0,0,0,0,0,0,0,0,0,0,0,0,0,0,16,24,36,41,47,41,27,0,0,0,0,0,0,0,0,0,0,0,0,0,0,0,0,0,23,32,41,50,55,43,55,0,0,0,0,0,0,0,0,0,0,0,0,0,0,0,0,0,31,53,79,94,100,79,6,0,0,0,0,0,0,0,0,0,0,0,0,0,0,0,0,0,27,38,46,51,36,23,"Food, Entertainment, Leisure"
Pasticceria Marini,Pasticceria,42.859698,13.5803618,0,0,0,0,0,0,27,45,62,66,64,52,45,0,0,25,31,28,24,17,0,0,0,0,0,0,0,0,0,0,0,0,0,0,0,0,0,0,0,0,0,0,0,0,0,0,0,0,0,0,0,0,0,0,13,20,33,45,48,52,40,0,0,17,27,28,24,17,0,0,0,0,0,0,0,0,0,0,20,25,40,52,56,40,24,0,0,14,22,28,25,14,0,0,0,0,0,0,0,0,0,0,20,33,51,55,41,32,21,0,0,20,22,32,28,20,0,0,0,0,0,0,0,0,0,0,25,33,47,55,60,50,39,0,0,28,27,33,28,22,0,0,0,0,0,0,0,0,0,0,18,40,70,95,100,91,72,40,0,0,0,0,0,0,0,0,0,0,Food
Parcheggio Via Pacifici,Parcheggio pubblico,42.8500742,13.5729858,42,45,40,25,17,11,14,31,57,74,74,54,54,60,88,85,71,54,51,51,45,31,34,34,31,20,31,34,42,28,37,25,31,34,45,34,31,31,48,60,65,60,54,54,48,42,34,34,34,28,22,20,25,31,31,31,48,51,51,45,48,57,57,51,62,62,68,65,71,45,34,25,28,31,17,25,25,34,34,42,54,57,74,100,100,91,65,68,68,51,40,28,25,28,25,34,25,14,14,8,8,8,17,22,42,48,57,60,62,65,62,60,57,51,40,34,40,51,51,42,31,25,17,11,17,31,42,48,40,51,42,42,31,28,31,45,37,34,34,28,22,17,25,31,17,17,20,28,31,22,20,14,17,22,42,51,71,68,77,85,82,85,62,42,25,22,22,25,"Automotive, Travel"
SuperCoal,Alimentari,42.8568933,13.5658254,0,0,0,0,0,0,0,0,20,29,46,58,68,54,44,40,43,52,53,46,0,0,0,0,0,0,0,0,0,0,0,0,37,55,70,80,72,57,47,38,40,49,49,36,0,0,0,0,0,0,0,0,0,0,0,0,21,25,36,48,56,48,35,31,35,45,50,44,0,0,0,0,0,0,0,0,0,0,0,0,24,36,49,62,67,61,54,44,52,55,62,46,0,0,0,0,0,0,0,0,0,0,0,0,43,68,86,91,87,71,55,46,47,50,48,35,0,0,0,0,0,0,0,0,0,0,0,0,40,63,88,100,96,71,50,44,44,52,50,37,0,0,0,0,0,0,0,0,0,0,0,0,0,0,0,0,0,0,0,0,0,0,0,0,0,0,0,0,"Food, Retail"
Nutrizionista Dott.ssa Roberta Concordi,Nutrizionista,42.8547515,13.5922653,26,60,60,66,73,66,46,40,26,26,26,26,46,33,33,26,20,13,26,26,13,13,13,20,26,33,40,53,40,53,60,40,20,40,46,66,53,46,20,26,20,13,20,40,40,53,60,46,20,13,13,26,66,46,46,33,53,60,46,33,40,66,86,93,60,33,26,46,46,66,73,100,80,60,53,60,40,46,46,46,60,66,60,66,60,46,46,60,80,73,40,26,20,40,26,20,26,60,60,46,46,33,46,53,80,46,26,33,33,33,20,20,13,6,20,33,26,13,20,26,0,0,0,0,0,0,0,0,0,0,0,0,0,0,0,0,0,0,0,0,0,0,0,0,0,0,0,0,0,0,0,0,0,0,0,0,0,0,0,0,0,0,0,0,0,0,0,0,"Health, Food, Professional/Commercial Services"
Caffè Dei Sogni,bar,42.8543022,13.5891999,0,0,0,0,0,0,32,59,79,90,92,77,57,42,39,45,52,55,48,33,0,0,0,0,0,0,0,0,0,0,33,55,76,87,96,86,61,37,32,41,48,52,42,32,0,0,0,0,0,0,0,0,0,0,26,48,67,75,76,62,49,38,41,46,49,43,31,21,0,0,0,0,0,0,0,0,0,0,31,55,76,83,85,69,56,43,44,44,49,47,40,27,0,0,0,0,0,0,0,0,0,0,31,55,78,90,94,86,75,57,56,58,67,60,53,33,0,0,0,0,0,0,0,0,0,0,30,57,79,92,100,100,81,50,36,41,53,62,57,42,0,0,0,0,0,0,0,0,0,0,0,0,41,66,76,69,46,0,0,0,0,0,0,0,0,0,0,0,"Food, Entertainment, Leisure"
DOMA Beauty Lab,Centro estetico,42.8594921,13.5818027,0,0,0,0,0,0,0,0,0,0,0,0,0,0,0,42,50,57,57,46,0,0,0,0,0,0,0,0,0,0,0,0,0,34,26,34,61,92,96,84,76,69,69,61,0,0,0,0,0,0,0,0,0,0,0,0,0,19,26,53,53,69,73,73,88,80,76,69,0,0,0,0,0,0,0,0,0,0,0,0,0,23,19,26,42,53,50,42,65,100,100,76,0,0,0,0,0,0,0,0,0,0,0,0,0,30,34,38,53,61,61,57,57,53,38,38,0,0,0,0,0,0,0,0,0,0,0,0,0,53,50,57,46,0,0,0,0,0,0,0,0,0,0,0,0,0,0,0,0,0,0,0,0,0,0,0,0,0,0,0,0,0,0,0,0,0,0,0,"Beauty, Health, Leisure"
Fuori Porta,bar,42.8542094,13.5619942,0,0,0,0,0,30,44,58,73,84,87,81,64,45,45,51,55,50,34,23,0,0,0,0,0,0,0,0,0,39,59,71,93,82,76,66,57,65,69,68,55,48,41,38,0,0,0,0,0,0,0,0,0,30,50,66,70,62,58,62,62,70,56,55,53,56,42,29,0,0,0,0,0,0,0,0,0,38,52,64,76,74,71,60,57,64,68,69,74,73,56,36,0,0,0,0,0,0,0,0,0,42,63,88,92,91,84,78,66,59,52,53,56,61,53,42,0,0,0,0,0,0,0,0,0,26,42,63,90,98,89,77,60,56,55,60,59,59,48,45,0,0,0,0,0,0,0,0,0,0,40,53,80,100,99,87,68,0,0,0,0,0,0,0,0,0,0,0,"Food, Entertainment, Leisure"
Caffe’Porta Romana,bar,42.8549732,13.5676494,0,0,0,0,0,0,26,39,51,56,58,59,58,67,77,85,76,75,62,52,38,0,0,0,0,0,0,0,0,0,31,45,57,60,64,67,72,69,69,72,78,77,75,68,51,0,0,0,0,0,0,0,0,0,31,44,46,50,67,84,86,75,64,61,63,71,72,70,54,0,0,0,0,0,0,0,0,0,43,58,71,70,69,67,60,57,62,73,77,78,79,79,67,0,0,0,0,0,0,0,0,0,39,49,61,74,87,87,77,67,67,72,73,72,70,76,86,76,67,0,0,0,0,0,0,0,17,29,50,61,75,79,79,79,76,86,96,94,90,94,100,93,72,0,0,0,0,0,0,0,0,0,41,64,85,91,85,0,0,0,0,92,76,0,0,0,0,0,"Food, Entertainment, Leisure"
Odeon 6,attrazioni,42.8601588,13.5788613,0,0,0,0,0,0,0,0,0,0,0,0,0,0,0,0,0,34,49,56,58,57,45,31,0,0,0,0,0,0,0,0,0,0,0,0,0,0,0,0,0,28,34,34,33,30,25,17,0,0,0,0,0,0,0,0,0,0,0,0,0,0,0,0,0,20,26,27,28,26,21,16,0,0,0,0,0,0,0,0,0,0,0,0,0,0,0,0,0,42,52,46,40,32,28,20,0,0,0,0,0,0,0,0,0,0,0,0,0,0,0,0,0,26,33,33,34,37,36,30,0,0,0,0,0,0,0,0,0,0,0,0,0,0,0,15,28,46,54,55,53,54,46,32,0,0,0,0,0,0,0,0,0,0,0,0,0,0,0,33,58,86,100,92,74,51,36,23,"Culture, Entertainment, Travel, Leisure, Point of Interest"
Autocarrozzeria ASCOCARS,Auto body shop,42.8618295,13.5683349,0,0,0,0,0,0,0,0,66,73,60,46,40,40,60,60,66,33,40,40,0,0,0,0,0,0,0,0,0,0,0,0,53,53,66,53,46,53,73,93,73,40,33,46,0,0,0,0,0,0,0,0,0,0,0,0,93,100,100,80,66,53,60,86,86,60,40,20,0,0,0,0,0,0,0,0,0,0,0,0,60,100,80,60,53,73,86,93,100,80,80,86,0,0,0,0,0,0,0,0,0,0,0,0,60,46,40,33,40,20,33,53,60,46,53,33,0,0,0,0,0,0,0,0,0,0,0,0,20,26,26,33,20,0,0,0,0,0,0,0,0,0,0,0,0,0,0,0,0,0,0,0,0,0,0,0,0,0,0,0,0,0,0,0,0,0,0,0,"Automotive, Technical/Artisan/Repair Services"
Coal Il Market,Alimentari,42.8536102,13.5727585,0,0,0,0,0,0,0,0,27,42,53,64,60,0,0,0,51,68,69,50,0,0,0,0,0,0,0,0,0,0,0,0,32,57,86,100,87,0,0,0,51,70,71,51,0,0,0,0,0,0,0,0,0,0,0,0,27,40,61,84,75,0,0,0,35,65,65,51,0,0,0,0,0,0,0,0,0,0,0,0,34,42,61,72,69,0,0,0,48,61,60,40,0,0,0,0,0,0,0,0,0,0,0,0,31,48,77,84,79,0,0,0,51,75,72,62,0,0,0,0,0,0,0,0,0,0,0,0,26,43,73,94,77,0,0,0,42,63,60,44,0,0,0,0,0,0,0,0,0,0,0,0,0,0,0,0,0,0,0,0,0,0,0,0,0,0,0,0,"Food, Retail"
Pizzeria Panarea,ristoranti,42.8529215,13.592977,0,0,0,0,0,0,0,0,0,0,0,0,25,26,0,0,32,31,34,37,29,0,0,0,0,0,0,0,0,0,0,0,0,0,0,0,19,18,0,0,24,36,44,41,31,0,0,0,0,0,0,0,0,0,0,0,0,0,0,0,18,17,0,0,22,30,36,37,29,0,0,0,0,0,0,0,0,0,0,0,0,0,0,0,19,20,0,0,24,28,33,32,25,0,0,0,0,0,0,0,0,0,0,0,0,0,0,0,22,24,0,0,27,35,39,39,28,0,0,0,0,0,0,0,0,0,0,0,0,0,0,0,27,26,0,0,34,53,83,100,83,0,0,0,0,0,0,0,0,0,0,0,0,0,0,0,0,0,0,0,32,55,72,77,47,0,0,0,"Food, Leisure"
Artcafè,bar,42.8502864,13.5871735,0,0,0,0,0,0,21,35,50,57,35,50,50,21,21,35,57,71,71,42,42,0,0,0,0,0,0,0,0,0,42,50,64,64,28,14,28,35,50,64,92,85,64,64,50,0,0,0,0,0,0,0,0,0,35,35,28,35,42,28,28,28,35,50,71,64,78,57,64,0,0,0,0,0,0,0,0,0,42,50,71,42,42,42,57,64,85,71,42,35,21,35,42,0,0,0,0,0,0,0,0,0,42,71,64,64,78,100,78,78,85,78,71,50,71,85,100,0,0,0,0,0,0,0,0,0,28,57,57,57,50,64,50,42,50,85,85,64,42,35,21,0,0,0,0,0,0,0,0,0,0,0,0,0,0,0,0,0,0,0,0,0,0,0,0,0,0,0,"Food, Entertainment, Leisure"
Via Zeppelle-casa Di Cura,Fermata dell'autobus,42.8621136,13.5909907,60,53,80,73,53,46,53,80,53,33,33,53,40,46,40,33,26,6,0,13,26,20,20,33,46,60,66,73,100,93,86,46,40,13,6,26,46,80,60,40,13,13,26,40,53,80,66,46,20,20,20,20,13,0,13,20,20,26,26,40,46,40,26,26,26,46,33,53,60,53,40,33,46,26,20,13,26,40,60,66,53,46,60,100,80,46,40,60,46,46,46,46,53,60,60,46,26,26,46,40,20,20,26,53,66,53,46,26,26,20,33,20,20,26,33,40,40,26,26,26,66,60,53,40,33,26,26,26,33,20,20,26,33,26,46,53,73,46,46,46,66,66,66,66,26,40,33,33,33,66,66,46,40,40,46,53,53,53,53,40,40,26,33,33,46,33,26,20,"Travel, Automotive"
Aotsuki Ristorante Giapponese,ristoranti,42.8546089,13.592211,0,0,0,0,0,0,0,0,0,0,0,0,61,75,70,50,0,0,0,26,32,29,20,14,0,0,0,0,0,0,0,0,0,0,0,0,52,67,59,38,0,0,0,32,40,38,26,17,0,0,0,0,0,0,0,0,0,0,0,0,59,73,70,53,0,0,0,29,44,45,35,15,0,0,0,0,0,0,0,0,0,0,0,0,57,78,76,56,0,0,0,32,42,37,26,15,0,0,0,0,0,0,0,0,0,0,0,0,73,100,94,67,0,0,0,55,76,79,69,47,0,0,0,0,0,0,0,0,0,0,0,0,62,81,74,47,0,0,0,47,66,70,57,37,0,0,0,0,0,0,0,0,0,0,0,0,0,0,0,0,0,0,0,0,0,0,0,0,"Food, Leisure"
Ex campo da calcio,attrazioni,42.860183,13.5675428,18,50,50,62,31,12,18,25,37,31,25,25,18,12,0,12,18,25,31,43,43,43,25,25,25,31,25,37,37,31,31,31,25,18,37,43,43,31,43,31,12,0,12,12,31,25,25,18,75,68,68,100,68,62,37,37,43,56,50,50,68,87,68,68,62,81,75,56,43,68,75,62,50,31,18,18,31,43,31,31,31,25,37,43,43,68,56,37,12,12,18,25,18,18,50,56,37,31,43,37,25,18,31,25,18,25,31,31,37,43,56,68,68,62,62,75,81,100,100,50,6,12,31,50,37,31,31,37,37,43,75,62,87,68,75,50,62,56,62,37,43,25,12,0,68,81,68,56,43,50,43,50,50,62,50,43,37,50,56,68,68,50,37,43,56,75,56,62,"Culture, Entertainment, Travel, Leisure, Point of Interest"
Statua Sant'Emidio,attrazioni,42.8530528,13.5781655,50,57,42,57,57,42,28,28,50,64,71,57,35,35,28,42,57,85,64,71,42,21,21,35,21,21,7,7,14,28,35,57,42,42,35,57,85,92,71,57,57,42,28,28,21,28,14,7,28,28,35,42,50,21,21,21,21,21,28,14,21,35,50,42,35,28,14,21,42,50,50,35,35,64,64,28,7,14,50,64,64,50,50,14,21,21,50,42,50,50,57,57,64,42,21,21,28,42,50,57,71,28,14,14,14,28,50,64,35,14,7,21,35,57,42,28,42,28,35,28,28,28,35,50,64,57,28,14,7,35,35,50,42,35,28,28,42,42,28,42,42,42,35,21,28,50,35,14,0,21,35,42,35,57,71,100,78,50,42,21,21,14,21,35,42,57,35,28,"Culture, Entertainment, Travel, Leisure, Point of Interest"
Vincè Fa La Carità a Lu Dome,Negozio di vini,42.853825,13.5782676,4,9,6,2,2,1,2,2,6,9,12,20,19,18,15,12,6,12,23,29,25,18,19,11,0,0,0,0,0,0,0,5,8,11,8,6,5,0,0,0,9,12,19,26,20,11,5,5,0,0,0,0,0,0,0,9,6,12,12,15,12,0,0,0,11,18,27,37,36,27,16,9,0,0,0,0,0,0,0,6,12,13,20,22,16,0,0,0,11,18,20,33,30,27,25,20,0,0,0,0,0,0,0,9,15,22,23,27,23,0,0,0,15,25,38,56,62,58,37,20,0,0,0,0,0,0,0,12,16,23,20,20,12,0,0,0,11,22,51,79,100,72,51,30,0,0,0,0,0,0,0,18,27,27,25,27,29,0,0,0,18,29,50,66,68,51,23,8,"Food, Luxury, Retail"
maxsportswear,Negozio di abbigliamento sportivo,42.8517547,13.5898376,0,0,0,0,0,0,0,0,0,0,0,0,0,0,0,0,72,55,44,17,0,0,0,0,0,0,0,0,0,0,0,0,0,27,41,44,55,37,41,31,24,13,20,13,0,0,0,0,0,0,0,0,0,0,0,0,0,17,31,44,37,27,24,31,48,55,62,48,0,0,0,0,0,0,0,0,0,0,0,0,0,27,37,37,51,51,31,31,20,27,24,27,0,0,0,0,0,0,0,0,0,0,0,0,0,31,55,58,51,34,27,31,51,62,55,34,0,0,0,0,0,0,0,0,0,0,0,0,0,41,65,82,82,65,48,48,86,86,100,58,0,0,0,0,34,24,10,10,20,20,20,20,17,17,20,27,34,20,24,24,13,17,17,27,41,44,51,27,"Fashion, Fitness, Retail"
CONAD,Alimentari,42.8599337,13.5694273,0,0,0,0,0,0,0,0,30,46,60,72,68,55,45,48,60,70,65,47,0,0,0,0,0,0,0,0,0,0,0,0,31,49,65,73,68,52,41,41,50,59,54,41,0,0,0,0,0,0,0,0,0,0,0,0,24,36,46,56,53,43,35,36,45,55,53,40,0,0,0,0,0,0,0,0,0,0,0,0,26,35,49,56,57,46,37,39,53,67,63,47,0,0,0,0,0,0,0,0,0,0,0,0,26,41,57,66,63,50,41,39,47,58,59,45,0,0,0,0,0,0,0,0,0,0,0,0,34,59,84,100,89,65,46,46,56,66,63,47,0,0,0,0,0,0,0,0,0,0,0,0,22,43,70,84,79,0,0,0,0,0,0,0,0,0,0,0,"Food, Retail"
Biblioteca Comunale Gabrielli,Biblioteca pubblica,42.8549703,13.5716165,0,0,0,0,0,0,0,0,0,35,44,41,40,40,41,50,62,71,64,0,0,0,0,0,0,0,0,0,0,0,0,0,0,35,39,40,45,52,56,66,71,78,64,0,0,0,0,0,0,0,0,0,0,0,0,0,0,25,29,26,39,42,62,66,76,65,55,0,0,0,0,0,0,0,0,0,0,0,0,0,0,45,54,58,59,51,47,64,86,100,78,0,0,0,0,0,0,0,0,0,0,0,0,0,0,37,51,59,44,36,40,51,69,84,82,0,0,0,0,0,0,0,0,0,0,0,0,0,0,42,56,52,46,0,0,0,0,0,0,0,0,0,0,0,0,0,0,0,0,0,0,0,0,0,0,0,0,0,0,0,0,0,0,0,0,0,0,0,"Book, Culture, Leisure"
Bar Perugia Di Cola & Mascetti Snc,bar,42.8494247,13.5910268,0,0,0,0,0,0,9,14,25,40,53,56,57,60,59,73,82,89,84,75,56,46,42,42,0,0,0,0,0,0,10,14,23,37,51,54,51,42,40,51,71,85,84,71,48,40,37,35,0,0,0,0,0,0,18,21,31,40,48,40,39,37,45,51,57,67,76,81,65,51,42,29,0,0,0,0,0,0,17,21,26,32,40,46,46,40,43,54,75,85,100,87,84,68,57,42,0,0,0,0,0,0,7,14,26,37,46,48,48,51,56,62,78,87,89,92,87,81,78,67,0,0,0,0,0,0,20,18,32,37,43,48,50,54,59,62,62,65,78,82,89,89,98,98,0,0,0,0,0,0,9,9,14,25,25,23,18,15,21,39,60,75,70,65,54,50,39,29,"Food, Entertainment, Leisure"